﻿"Object Identifier","Object Number","Object Heading","Object Text","Configuration","Test Category","Test Group","Object Type","SSDD Trace","SSDD Ext Trace","ICD LLR Trace","LLR Trace","Comment","Temp HLR","Temp LLR","Temp ICD LLR","Notes","Reusable Library Trace"
"TXB-HLC-TC_101","4.1.2.20","Logger Proxy",,,,,,,,,,,,,,,
"TXB-HLC-TC_17274","4.1.2.20.0-1",,"Verify that the Logger proxy  receives recording status from the Logger through Discrete Manager.",,"Normal",,"Test Case","SSDD-L-26441",,,"LLR-MC-31660
LLR-MC-31713",,,,,,
"TXB-HLC-TC_16865","4.1.2.20.0-2",,"Set Previous Log Record command to True
Set logpd_flg_recordCommand to true
Verify that prevLogRecordCommand is set to 0",,"Normal","nom/nom","Test Case",,,,"LLR-MC-31739",,,,,,
"TXB-HLC-TC_1965","4.1.2.20.0-3",,"Set dscrVal to 1
Verify logpd_flg_recordStatus is set to 0.",,"Normal","nom/nom","Test Case",,,,"LLR-MC-31713",,,,,,
"TXB-HLC-TC_20370","4.1.2.20.0-4",,"Verify that logpc_tm_loggerStartupTime_sec has a range of min:0 ,max:300",,"Normal",,"Test Case","SSDD-L-25635",,,,,,,,,
"TXB-HLC-TC_8351","4.1.2.20.0-5",,"Set dscrVal to 0
Verify logpd_flg_recordStatus is set to 1.",,"Normal","nom/nom","Test Case",,,,"LLR-MC-31713",,,,,,
"TXB-HLC-TC_1966","4.1.2.20.0-6",,"Verify that input to Logger Proxy of signal name ""lvcpd_enum_loadingStep"" has range of
 min - 0
 max -99",,"Normal","nom/nom","Test Case","SSDD-L-26467",,,"LLR-MC-31660",,,,,,
"TXB-HLC-TC_1967","4.1.2.20.0-7",,"Verify that the following outputs from Logger proxy comply with following characteristics:

logpd_flg_recordFail  of type Boolean having range min:0 max:1 with default value 0
logpd_flg_recordCheckFail  of type Boolean having range min:0 max:1 with default value 0
logpd_vol_fuelUsedEngine_litre of Engine Right 
with units as volume having range min:0 max:2105540608 with default value 0
logpd_tm_engineHours_h of Engine Right with units as time having range min:0 max:210554061 with default value 0
logpd_vol_fuelUsedEngine_litre of Engine Left with units as volume having range min:0 max:2105540608 with default value 0
logpd_tm_engineHours_h of Engine Left with units as time having range min:0 max:210554061 with default value 0
",,"Normal","nom/nom","Test Case","SSDD-L-26493",,"LLR-ICD-32365","LLR-MC-31739
LLR-MC-31612",,,,,,
"TXB-HLC-TC_1969","4.1.2.20.0-8",,"Verify that the Logger proxy is processed every 1 second.",,"Normal","nom/nom","Test Case","SSDD-L-26563",,,"LLR-MC-37295",,,,,,
"TXB-HLC-TC_8352","4.1.2.20.0-9",,"Set lvcpd_enum_loadingStep different from LOAD_STAGE0_E(0)
Verify that Logger proxy sets logpd_flg_recordCommand to 1 (Record)",,"Normal","nom/nom","Test Case","SSDD-L-26565
SSDD-L-26566",,,"LLR-MC-31660",,,,,,
"TXB-HLC-TC_8353","4.1.2.20.0-10",,"Set lvcpd_enum_loadingStep to LOAD_STAGE0_E(0)
Verify that Logger proxy sets logpd_flg_recordCommand to 0 (Stop)",,"Normal","nom/nom","Test Case","SSDD-L-26566
SSDD-L-26565",,,"LLR-MC-31660",,,,,,
"TXB-HLC-TC_1973","4.1.2.20.0-11",,"Set no HLC wake-up    
At:t
Set lvcpd_enum_loadingStep is LOAD_STAGE0_E(0)    
Verify logpd_flg_recordCommand is not set to to 1 (Record)    

At:t+1
Set lvcpd_enum_loadingStep is LOAD_STAGE0_E(0)    
Verify logpd_flg_recordCommand is not set to to 1 (Record)    

At:t+2
Set lvcpd_enum_loadingStep is LOAD_STAGE0_E(0)    
Verify logpd_flg_recordCommand is not set to to 1 (Record)    

At:t+3
Set lvcpd_enum_loadingStep is LOAD_STAGE0_E(0)    
Verify logpd_flg_recordCommand is not set to to 1 (Record)    

At:t+4
Set lvcpd_enum_loadingStep is LOAD_STAGE0_E(0)   
Set logpd_flg_recordStatus  0    
Verify that logpd_flg_recordCheckFail is not set to 1  
Verify that logpd_flg_recordFail is not  set to 1   
Verify that logpd_flg_recordCommand is set to 0 ","Configure logpc_tm_loggerStartupTime_sec to 3","Normal","nom/nom","Test Case","SSDD-L-38654",,,"LLR-MC-31660","This is to prove that one cycle after HLC wakeup logger recording commands will not work",,,,,
"TXB-HLC-TC_1974","4.1.2.20.0-12",,"At: t
Set logpd_flg_recordStatus to 1
Set logpd_flg_recordCommand to 1
Verify logpd_flg_recordFail is 0

At: t+2
Set logpd_flg_recordStatus to 1
Set logpd_flg_recordCommand to 1
Verify logpd_flg_recordFail is 0

At: t+3
Set logpd_flg_recordStatus to 0
Set logpd_flg_recordCommand to 1
Verify logpd_flg_recordFail is 1",,"Normal","nom/nom","Test Case","SSDD-L-26568",,,"LLR-MC-31660","Logger record command is set and record status is not set for more than 3 seconds, so activate the record fail status",,,,,
"TXB-HLC-TC_8354","4.1.2.20.0-13",,"At: t
Set logpd_flg_recordStatus to 0
Set logpd_flg_recordCommand to 1
Verify logpd_flg_recordFail is 0

At: t+2
Set logpd_flg_recordStatus to 0
Set logpd_flg_recordCommand to 1
Verify logpd_flg_recordFail is 0

At: t+3
Set logpd_flg_recordStatus to 1
Set logpd_flg_recordCommand to 1
Verify logpd_flg_recordFail is 0",,"Normal","nom/nom","Test Case","SSDD-L-26568",,,"LLR-MC-31660","Logger record command is set and record status is set for more than 3 seconds, so deactivate the record fail status",,,,,
"TXB-HLC-TC_8355","4.1.2.20.0-14",,"At: t
Set logpd_flg_recordStatus to 0
Set logpd_flg_recordCommand to 0
Verify logpd_flg_recordFail is 0

At: t+2
Set logpd_flg_recordStatus to 0
Set logpd_flg_recordCommand to 0
Verify logpd_flg_recordFail is 0

At: t+3
Set logpd_flg_recordStatus to 0
Set logpd_flg_recordCommand to 0
Verify logpd_flg_recordFail is 0",,"Normal","nom/nom","Test Case","SSDD-L-26568",,,"LLR-MC-31660","Logger record command is not set and record status is not set for more than 3 seconds, so deactivate the record fail status",,,,,
"TXB-HLC-TC_15547","4.1.2.20.0-15",,"At: t
Set logpd_flg_recordStatus to 0
Set logpd_flg_recordCommand to 1
Verify logpd_flg_recordFail is 0

At: t+2
Set logpd_flg_recordStatus to 0
Set logpd_flg_recordCommand to 0
Verify logpd_flg_recordFail is 0

At: t+3
Set logpd_flg_recordStatus to 0
Set logpd_flg_recordCommand to 1
Verify logpd_flg_recordFail is 0

At: t+4
Set logpd_flg_recordStatus to 0
Set logpd_flg_recordCommand to 1
Verify logpd_flg_recordFail is 0

At: t+5
Set logpd_flg_recordStatus to 0
Set logpd_flg_recordCommand to 1
Verify logpd_flg_recordFail is 0

At: t+6
Set logpd_flg_recordStatus to 0
Set logpd_flg_recordCommand to 1
Verify logpd_flg_recordFail is 1",,"Normal","nom/nom","Test Case","SSDD-L-26568",,,"LLR-MC-31660","At t+2:
Logger Record command and status is not activated, so deactivate record fail status

At t+3:
Logger record command is set and record status is not set for more than 3 seconds, so activate the record fail status",,,,,
"TXB-HLC-TC_16861","4.1.2.20.0-16",,"Set HLC wake-up    
At:t
Set lvcpd_enum_loadingStep is LOAD_STAGE1_E
Verify logpd_flg_recordCommand is set to to 1

At:t+1
Set lvcpd_enum_loadingStep is LOAD_STAGE1_E
Verify logpd_flg_recordCommand is set to to 1

At:t+2
Set lvcpd_enum_loadingStep is LOAD_STAGE1_E
Verify logpd_flg_recordCommand is set to to 1

At:t+3
Set lvcpd_enum_loadingStep is LOAD_STAGE1_E
Set logpd_flg_recordStatus  0    
Verify that logpd_flg_recordCheckFail is not set to 1  
Verify that logpd_flg_recordFail is 1   
Verify that logpd_flg_recordCommand is set to 1

At:t+4
Set lvcpd_enum_loadingStep is LOAD_STAGE1_E
Set logpd_flg_recordStatus  0    
Verify that logpd_flg_recordCheckFail is not set to 1  
Verify that logpd_flg_recordFail is 1   
Verify that logpd_flg_recordCommand is set to 1 ","Configure logpc_tm_loggerStartupTime_sec to 3","Normal","nom/nom","Test Case","SSDD-L-38654",,,"LLR-MC-31660","After HLC wakeup, loading step is 1 for more than 3 seconds, so recording status is set",,,,,
"TXB-HLC-TC_17272","4.1.2.20.0-17",,"Set HLC wake-up    
At:t
Set lvcpd_enum_loadingStep is LOAD_STAGE0_E(0)    
Verify logpd_flg_recordCommand is set to to 1 (Record)    

At:t+1
Set lvcpd_enum_loadingStep is LOAD_STAGE0_E(0)    
Verify logpd_flg_recordCommand is set to to 1 (Record)    

At:t+2
Set lvcpd_enum_loadingStep is LOAD_STAGE0_E(0)    
Verify logpd_flg_recordCommand is set to to 1 (Record)    

At:t+3
Set lvcpd_enum_loadingStep is LOAD_STAGE0_E(0)    
Verify logpd_flg_recordCommand is set to to 1 (Record)    

At:t+4
Set lvcpd_enum_loadingStep is LOAD_STAGE0_E(0)   
Set logpd_flg_recordStatus  1    
Verify that logpd_flg_recordCheckFail is not set to 1  
Verify that logpd_flg_recordFail is not set to 1   
Verify that logpd_flg_recordCommand is not set to 0 ","Configure logpc_tm_loggerStartupTime_sec to 3","Normal","nom/nom","Test Case","SSDD-L-38654",,,"LLR-MC-31660","After HLC wakeup, loading step is 0 for more than 3 seconds and record status is set, so recording status is set",,,,,
"TXB-HLC-TC_17273","4.1.2.20.0-18",,"Set HLC wake-up    

At:t

Set lvcpd_enum_loadingStep is LOAD_STAGE99_E(99)    
Verify logpd_flg_recordCommand is 1 (Record)    

At:t+1
Set lvcpd_enum_loadingStep is LOAD_STAGE99_E(99)    
Verify logpd_flg_recordCommand is 1 (Record)    

At:t+2
Set lvcpd_enum_loadingStep is LOAD_STAGE99_E(99)    
Verify logpd_flg_recordCommand is 1 (Record)    

At:t+3
Set lvcpd_enum_loadingStep is LOAD_STAGE99_E(99)    
Verify logpd_flg_recordCommand is 1 (Record)

At:t+4
Set lvcpd_enum_loadingStep is LOAD_STAGE99_E(99)   
Set logpd_flg_recordStatus  0    
Verify that logpd_flg_recordCheckFail is set to 0
Verify that logpd_flg_recordFail is  set to 0
Verify that logpd_flg_recordCommand is 1","Configure logpc_tm_loggerStartupTime_sec to 3","Normal","nom/nom","Test Case","SSDD-L-38654",,,"LLR-MC-31660","After HLC wakeup, loading step is 99 for more than 3 seconds, so recording status is set",,,,,
"TXB-HLC-TC_19969","4.1.2.20.0-19",,"Set HLC wake-up    
At:t
Set lvcpd_enum_loadingStep is LOAD_STAGE0_E(0)    
Verify logpd_flg_recordCommand is set to to 1 (Record)    

At:t+1
Set lvcpd_enum_loadingStep is LOAD_STAGE0_E(0)    
Verify logpd_flg_recordCommand is set to to 1 (Record)    

At:t+2
Set lvcpd_enum_loadingStep is LOAD_STAGE0_E(0)    
Verify logpd_flg_recordCommand is set to to 1 (Record)    

At:t+300
Set lvcpd_enum_loadingStep is LOAD_STAGE0_E(0)    
Verify logpd_flg_recordCommand is set to to 1 (Record)    

 
At:t+301
Set lvcpd_enum_loadingStep is LOAD_STAGE0_E(0)   
Set that logpd_flg_recordCheckFail is set to 0 
Set that logpd_flg_recordFail is  set to 0
Set logpd_flg_recordStatus  0    
Verify that logpd_flg_recordCheckFail is set to 1  
Verify that logpd_flg_recordFail is  set to 1   
Verify that logpd_flg_recordCommand is set to 0 ","Configure logpc_tm_loggerStartupTime_sec to 300","Normal","nom/max","Test Case","SSDD-L-38654",,,"LLR-MC-31660","After HLC wakeup, loading step is set to 0 and record status is not activated for more than 300 seconds, so deactivate record command",,,,,
"TXB-HLC-TC_19970","4.1.2.20.0-20",,"Set HLC wake-up    

At:t
Set lvcpd_enum_loadingStep is LOAD_STAGE0_E(0)    
Verify logpd_flg_recordCommand is set to to 1 (Record)

At :t+1   
Set lvcpd_enum_loadingStep is LOAD_STAGE0_E(0)   
Set that logpd_flg_recordCheckFail is set to 0 
Set that logpd_flg_recordFail is  set to 0
Set logpd_flg_recordStatus  0    
Verify that logpd_flg_recordCheckFail is set to 1  
Verify that logpd_flg_recordFail is  set to 1   
Verify that logpd_flg_recordCommand is set to 0 ","Configure logpc_tm_loggerStartupTime_sec to 0","Normal","nom/min","Test Case","SSDD-L-38654",,,"LLR-MC-31660","After HLC wakeup, loading step is set to 0 and record status is not activated, so deactivate record command",,,,,
"TXB-HLC-TC_10183","4.1.2.20.0-21",,"Verify that acsLogProxyInit sets  logpd_flg_recordStatus to false during initialization",,"Normal",,"Test Case",,,,"LLR-MC-31617",,,,,,
"TXB-HLC-TC_15548","4.1.2.20.0-22",,"Verify that acsLogProxyInit sets the following output data during initialization:
- logMessageUpdated flag for all LOG_MSG_MAX_E messages to false
",,"Normal",,"Test Case",,,,"LLR-MC-31612",,,,,,
"TXB-HLC-TC_15549","4.1.2.20.0-23",,"Set Previous Log Record command to False
Set logpd_flg_recordCommand to true
Verify that prevLogRecordCommand is set to 1",,"Normal","nom/nom","Test Case",,,,"LLR-MC-31739",,,,,,
"TXB-HLC-TC_15550","4.1.2.20.0-24",,"Verify that the Logger Proxy receives messages from Engine Modules (Engine left & Engine Right) which comply with message characteristics below:    
LOG_ENGINE_FUEL_CONSUMPTION    
logd_vol_fuelUsedEngine_litre
  having physical range min:0 max:2147483647.5 and interface range min:0 max:4294967295
 on BUS1 and BUS2 with message ID 18FEE900h at the rate of 1000millisec


LOG_ENGINE_HOURS_REVOLUTIONS 
logd_tm_engineHours_h 
having physical range min:0 max:214748364.75 and interface range min:0 max:4294967295
on BUS1 and BUS2 with message ID 18FEE500h at the rate of 1000millisec

",,"Normal",,"Test Case","SSDD-L-38396",,"LLR-ICD-17582
LLR-ICD-32349
LLR-ICD-32353
LLR-ICD-32357
LLR-ICD-32361
LLR-ICD-21290",,,,,,,
"TXB-HLC-TC_15551","4.1.2.20.0-25",,"Set logpd_vol_fuelUsedEngine_litre of Engine Right to 0
Set logpd_tm_engineHours_h of Engine Right to 0
Set logpd_vol_fuelUsedEngine_litre of Engine Left to 0
Set logpd_tm_engineHours_h of Engine Left to 0

Verify  logGlobER.logpd_vol_fuelUsedEngine_litre is 0
Verify logGlobER.logpd_tm_engineHours_h is 0
Verify logGlobEL.logpd_vol_fuelUsedEngine_litre is 0
Verify logGlobEL.logpd_tm_engineHours_h is 0",,"Normal","nom/min","Test Case","SSDD-L-38447",,,"LLR-MC-62993
LLR-MC-63054",,,,,,
"TXB-HLC-TC_16862","4.1.2.20.0-26",,"Set logpd_vol_fuelUsedEngine_litre of Engine Right to 20000
 (physical limit is 10000)
Set logpd_tm_engineHours_h of Engine Right to 60000(phiscial limit is 3000)
Set logpd_vol_fuelUsedEngine_litre of Engine Left to 9000 (phiscial limit is 4500)
Set logpd_tm_engineHours_h of Engine Left to 58000(phiscial limit is 2900)

Verify  logGlobER.logpd_vol_fuelUsedEngine_litre is 10000
Verify logGlobER.logpd_tm_engineHours_h is 4500
Verify logGlobEL.logpd_vol_fuelUsedEngine_litre is 3000
Verify logGlobEL.logpd_tm_engineHours_h is 2900",,"Normal","nom/nom","Test Case","SSDD-L-38447",,,"LLR-MC-62993
LLR-MC-63054",,,,,,
"TXB-HLC-TC_16863","4.1.2.20.0-27",,"Set logpd_vol_fuelUsedEngine_litre of Engine Right to 4294967295 
Set logpd_tm_engineHours_h of engine Right to 4294967295
Set logpd_vol_fuelUsedEngine_litre of Engine Left to 4294967295
Set logpd_tm_engineHours_h of Engine Left to 4294967295

Verify  logGlobER.logpd_vol_fuelUsedEngine_litre is 2147483647.5 
Verify logGlobER.logpd_tm_engineHours_h is 214748364.75
Verify logGlobEL.logpd_vol_fuelUsedEngine_litre is 2147483647.5
Verify logGlobEL.logpd_tm_engineHours_h is 214748364.75",,"Normal","nom/max","Test Case","SSDD-L-38447",,,"LLR-MC-62993
LLR-MC-63054",,,,,,
"TXB-HLC-TC_16864","4.1.2.20.0-28",,"Verify that the following outputs from Logger proxy comply with following characteristics:
logpd_flg_recordCommand  Units:Boolean min:0 max:1 Default:0",,"Normal",,"Test Case","SSDD-L-38840",,,"LLR-MC-31660
LLR-MC-31739",,,,,,
"TXB-HLC-TC_15552","4.1.2.20.0-29",,"Set HLC wake-up    
At:t
Set lvcpd_enum_loadingStep is LOAD_STAGE0_E(0)    
Verify logpd_flg_recordCommand is set to to 1 (Record)    

At:t+1
Set lvcpd_enum_loadingStep is LOAD_STAGE0_E(0)    
Verify logpd_flg_recordCommand is set to to 1 (Record)    

At:t+2
Set lvcpd_enum_loadingStep is LOAD_STAGE0_E(0)    
Verify logpd_flg_recordCommand is set to to 1 (Record)    

At:t+3
Set lvcpd_enum_loadingStep is LOAD_STAGE0_E(0)    
Verify logpd_flg_recordCommand is set to to 1 (Record)    

At:t+4
Set lvcpd_enum_loadingStep is LOAD_STAGE0_E(0)   
Set that logpd_flg_recordCheckFail is set to 0 
Set that logpd_flg_recordFail is  set to 0
Set logpd_flg_recordStatus  0    
Verify that logpd_flg_recordCheckFail is set to 1  
Verify that logpd_flg_recordFail is  set to 1   
Verify that logpd_flg_recordCommand is set to 0 ","Configure logpc_tm_loggerStartupTime_sec to 3","Normal","nom/nom","Test Case","SSDD-L-38654",,,"LLR-MC-31660","After HLC wakeup, loading step is set to 0 and record status is not activated for more than 3 seconds, so deactivate record command",,,,,
"TXB-HLC-TC_19067","4.1.2.20.0-30",,"Invoke acsLogProxySetRaw
Set msg to 4.
Verify that logMessageUpdated[0] = false
Verify that logMessageUpdated[1] = false
Verify that logMessageUpdated[2] = false
Verify that logMessageUpdated[3] = false

",,"Normal","nom/nom","Test Case","SSDD-L-38447",,,"LLR-MC-62993

LLR-MC-63054",,,,,,
"TXB-HLC-TC_19220","4.1.2.20.0-31",,"DELETE",,,,,,,,,,,,,,
"TXB-HLC-TC_19221","4.1.2.20.0-32",,"DELETE",,,,,,,,,,,,,,
